I1,I2,N1,N2,N3
1.2188e-07,1.2188e-07,0.0,0.5,1.0
3.145e-07,3.145e-07,0.0,0.5,1.0
8.5527e-07,8.5527e-07,0.0,0.5,1.0
1.6966e-06,1.6966e-06,0.0,0.5,1.0
2.8278e-06,2.8278e-06,0.0,0.5,1.0
4.2475e-06,4.2475e-06,0.0,0.5,1.0
5.9478e-06,5.9478e-06,0.0,0.5,1.0
7.9058e-06,7.9058e-06,0.0,0.5,1.0
1.0082e-05,1.0082e-05,0.0,0.5,1.0
1.2428e-05,1.2428e-05,0.0,0.5,1.0
1.489e-05,1.489e-05,0.0,0.5,1.0
1.7422e-05,1.7422e-05,0.0,0.5,1.0
1.9982e-05,1.9982e-05,0.0,0.5,1.0
2.2538e-05,2.2538e-05,0.0,0.5,1.0
2.5064e-05,2.5064e-05,0.0,0.5,1.0
2.7537e-05,2.7537e-05,0.0,0.5,1.0
2.9938e-05,2.9938e-05,0.0,0.5,1.0
3.2251e-05,3.2251e-05,0.0,0.5,1.0
3.4464e-05,3.4464e-05,0.0,0.5,1.0
3.6567e-05,3.6567e-05,0.0,0.5,1.0
3.8562e-05,3.8562e-05,0.0,0.5,1.0
4.0447e-05,4.0447e-05,0.0,0.5,1.0
4.2223e-05,4.2223e-05,0.0,0.5,1.0
4.3885e-05,4.3885e-05,0.0,0.5,1.0
4.5428e-05,4.5428e-05,0.0,0.5,1.0
4.6848e-05,4.6848e-05,0.0,0.5,1.0
4.8138e-05,4.8138e-05,0.0,0.5,1.0
4.9289e-05,4.9289e-05,0.0,0.5,1.0
5.0293e-05,5.0293e-05,0.0,0.5,1.0
5.113e-05,5.113e-05,0.0,0.5,1.0
5.1773e-05,5.1773e-05,0.0,0.5,1.0
5.2189e-05,5.2189e-05,0.0,0.5,1.0
5.2334e-05,5.2334e-05,0.0,0.5,1.0
3.145e-07,3.145e-07,0.0,0.5,1.0
3.2952e-06,3.2952e-06,2.7306e-05,1.0,1.0
1.3362e-05,1.3362e-05,8.7829e-05,1.0,1.0
2.8744e-05,2.8744e-05,0.00017245,0.99998,1.0
4.771e-05,4.771e-05,0.00027673,0.99984,1.0
7.162e-05,7.162e-05,0.00039531,0.99918,1.0
0.0001007,0.0001007,0.00052166,0.9975,1.0
0.00013452,0.00013452,0.00064885,0.99467,1.0
0.00017228,0.00017228,0.0007716,0.99107,1.0
0.00021303,0.00021303,0.00088726,0.98711,1.0
0.00025581,0.00025581,0.00099523,0.98316,1.0
0.00029979,0.00029979,0.001096,0.97943,1.0
0.00034423,0.00034423,0.0011904,0.97571,1.0
0.00038858,0.00038858,0.0012792,0.97143,1.0
0.00043236,0.00043236,0.001363,0.96507,1.0
0.00047515,0.00047515,0.001442,0.95709,1.0
0.00051664,0.00051664,0.0015163,0.95068,1.0
0.00055655,0.00055655,0.0015862,0.94518,1.0
0.00059464,0.00059464,0.0016515,0.9408,1.0
0.00063076,0.00063076,0.0017122,0.93908,1.0
0.00066495,0.00066495,0.0017692,0.93836,1.0
0.00069722,0.00069722,0.001823,0.93723,1.0
0.00072753,0.00072753,0.0018737,0.93568,1.0
0.00075585,0.00075585,0.0019214,0.93682,1.0
0.00078211,0.00078211,0.0019661,0.94113,1.0
0.0008062,0.0008062,0.0020074,0.95002,1.0
0.00082804,0.00082804,0.0020452,0.96419,1.0
0.00084751,0.00084751,0.0020793,0.97725,1.0
0.00086444,0.00086444,0.0021091,0.98699,1.0
0.00087855,0.00087855,0.0021342,0.9934,1.0
0.00088939,0.00088939,0.0021536,0.9963,1.0
0.00089637,0.00089637,0.002166,0.9976,1.0
0.00089882,0.00089882,0.0021703,0.99803,1.0
8.5527e-07,8.5527e-07,0.0,0.5,1.0
1.3362e-05,1.3362e-05,8.7829e-05,1.0,1.0
9.3911e-05,9.3911e-05,0.00040638,1.0,1.0
0.00026896,0.00026896,0.00091113,0.99999,1.0
0.0004892,0.0004892,0.0014875,0.99985,1.0
0.0007304,0.0007304,0.0021419,0.99922,1.0
0.001006,0.001006,0.0028369,0.99765,1.0
0.0013182,0.0013182,0.0035336,0.99506,1.0
0.0016599,0.0016599,0.0042032,0.99165,1.0
0.0020212,0.0020212,0.0048319,0.98766,1.0
0.0023932,0.0023932,0.0054171,0.98352,1.0
0.0027682,0.0027682,0.0059621,0.97956,1.0
0.0031403,0.0031403,0.0064717,0.97562,1.0
0.0035049,0.0035049,0.0069502,0.97122,1.0
0.0038583,0.0038583,0.0074008,0.96483,1.0
0.0041978,0.0041978,0.0078251,0.95692,1.0
0.0045212,0.0045212,0.0082239,0.95067,1.0
0.0048273,0.0048273,0.0085981,0.94525,1.0
0.0051147,0.0051147,0.0089469,0.9408,1.0
0.0053832,0.0053832,0.0092709,0.93898,1.0
0.0056337,0.0056337,0.0095747,0.9382,1.0
0.005867,0.005867,0.009861,0.937,1.0
0.0060833,0.0060833,0.010131,0.93537,1.0
0.0062829,0.0062829,0.010385,0.93649,1.0
0.0064656,0.0064656,0.010622,0.94084,1.0
0.0066314,0.0066314,0.010841,0.94972,1.0
0.0067801,0.0067801,0.011041,0.96378,1.0
0.0069114,0.0069114,0.011222,0.97674,1.0
0.0070245,0.0070245,0.01138,0.9864,1.0
0.007118,0.007118,0.011513,0.9927,1.0
0.0071895,0.0071895,0.011615,0.99555,1.0
0.0072354,0.0072354,0.011681,0.99687,1.0
0.0072514,0.0072514,0.011703,0.99729,1.0
1.6966e-06,1.6966e-06,0.0,0.5,1.0
2.8744e-05,2.8744e-05,0.00017245,0.99998,1.0
0.00026896,0.00026896,0.00091113,0.99999,1.0
0.0010369,0.0010369,0.0025582,0.99999,1.0
0.0022834,0.0022834,0.0046358,0.99989,1.0
0.0036358,0.0036358,0.006765,0.99932,1.0
0.0049412,0.0049412,0.0090126,0.99786,1.0
0.0062337,0.0062337,0.011238,0.99553,1.0
0.0075302,0.0075302,0.013348,0.99237,1.0
0.0088185,0.0088185,0.015303,0.98847,1.0
0.01008,0.01008,0.017101,0.9843,1.0
0.011297,0.011297,0.018757,0.98025,1.0
0.012458,0.012458,0.020291,0.97617,1.0
0.013554,0.013554,0.021719,0.97164,1.0
0.014581,0.014581,0.023051,0.96514,1.0
0.015535,0.015535,0.024296,0.95705,1.0
0.016416,0.016416,0.025456,0.95072,1.0
0.017226,0.017226,0.026538,0.94527,1.0
0.017967,0.017967,0.027539,0.94074,1.0
0.018641,0.018641,0.028464,0.9388,1.0
0.019257,0.019257,0.029325,0.93785,1.0
0.019817,0.019817,0.030134,0.93661,1.0
0.020326,0.020326,0.030892,0.93499,1.0
0.020787,0.020787,0.031603,0.93626,1.0
0.0212,0.0212,0.032264,0.94103,1.0
0.021569,0.021569,0.032874,0.95031,1.0
0.021894,0.021894,0.033431,0.96475,1.0
0.022176,0.022176,0.03393,0.97803,1.0
0.022416,0.022416,0.034367,0.9878,1.0
0.022612,0.022612,0.034733,0.99411,1.0
0.022761,0.022761,0.035015,0.99695,1.0
0.022856,0.022856,0.035196,0.99828,1.0
0.022889,0.022889,0.035258,0.99872,1.0
2.8278e-06,2.8278e-06,0.0,0.5,1.0
4.771e-05,4.771e-05,0.00027673,0.99984,1.0
0.0004892,0.0004892,0.0014875,0.99985,1.0
0.0022834,0.0022834,0.0046358,0.99989,1.0
0.0059488,0.0059488,0.009936,0.99989,1.0
0.010364,0.010364,0.015709,0.99941,1.0
0.014168,0.014168,0.021011,0.9978,1.0
0.017139,0.017139,0.02612,0.99494,1.0
0.019591,0.019591,0.03081,0.9908,1.0
0.02176,0.02176,0.035022,0.98544,1.0
0.023742,0.023742,0.038791,0.97956,1.0
0.02557,0.02557,0.04218,0.97388,1.0
0.02725,0.02725,0.045252,0.96835,1.0
0.028784,0.028784,0.048058,0.96256,1.0
0.030177,0.030177,0.050634,0.9552,1.0
0.031431,0.031431,0.053004,0.94631,1.0
0.032554,0.032554,0.055184,0.93915,1.0
0.033558,0.033558,0.057193,0.93321,1.0
0.034457,0.034457,0.059032,0.92846,1.0
0.035262,0.035262,0.060712,0.92618,1.0
0.035982,0.035982,0.062266,0.92462,1.0
0.036623,0.036623,0.063716,0.92354,1.0
0.03719,0.03719,0.065069,0.92264,1.0
0.03769,0.03769,0.066331,0.92506,1.0
0.038128,0.038128,0.067501,0.93182,1.0
0.038509,0.038509,0.068577,0.94268,1.0
0.038836,0.038836,0.069556,0.95898,1.0
0.039114,0.039114,0.070433,0.97457,1.0
0.039344,0.039344,0.0712,0.98548,1.0
0.039529,0.039529,0.071842,0.99265,1.0
0.039666,0.039666,0.072335,0.996,1.0
0.039753,0.039753,0.07265,0.99722,1.0
0.039783,0.039783,0.072759,0.99768,1.0
4.2475e-06,4.2475e-06,0.0,0.5,1.0
7.162e-05,7.162e-05,0.00039531,0.99918,1.0
0.0007304,0.0007304,0.0021419,0.99922,1.0
0.0036358,0.0036358,0.006765,0.99932,1.0
0.010364,0.010364,0.015709,0.99941,1.0
0.019166,0.019166,0.028176,0.99843,1.0
0.026395,0.026395,0.039794,0.99469,1.0
0.030868,0.030868,0.048972,0.98776,1.0
0.033563,0.033563,0.056996,0.97824,1.0
0.035459,0.035459,0.063892,0.96707,1.0
0.03702,0.03702,0.069837,0.95597,1.0
0.038412,0.038412,0.075019,0.94627,1.0
0.039683,0.039683,0.079594,0.93776,1.0
0.040845,0.040845,0.083683,0.93,1.0
0.041898,0.041898,0.087369,0.92202,1.0
0.042844,0.042844,0.090709,0.91329,1.0
0.04369,0.04369,0.09374,0.90633,1.0
0.044447,0.044447,0.096504,0.90056,1.0
0.045025,0.045025,0.099009,0.8963,1.0
0.045416,0.045416,0.10128,0.8945,1.0
0.045738,0.045738,0.10336,0.89294,1.0
0.04602,0.04602,0.1053,0.89346,1.0
0.046265,0.046265,0.10711,0.89524,1.0
0.046477,0.046477,0.10879,0.90051,1.0
0.046659,0.046659,0.11035,0.91119,1.0
0.046813,0.046813,0.11178,0.9246,1.0
0.046943,0.046943,0.11309,0.9438,1.0
0.047051,0.047051,0.11426,0.96361,1.0
0.047138,0.047138,0.11528,0.97686,1.0
0.047206,0.047206,0.11614,0.98606,1.0
0.047256,0.047256,0.1168,0.9907,1.0
0.047287,0.047287,0.11722,0.99172,1.0
0.047297,0.047297,0.11737,0.9922,1.0
5.9478e-06,5.9478e-06,0.0,0.5,1.0
0.0001007,0.0001007,0.00052166,0.9975,1.0
0.001006,0.001006,0.0028369,0.99765,1.0
0.0049412,0.0049412,0.0090126,0.99786,1.0
0.014168,0.014168,0.021011,0.9978,1.0
0.026395,0.026395,0.039794,0.99469,1.0
0.036123,0.036123,0.061567,0.98513,0.99999
0.041278,0.041278,0.078481,0.96985,0.99999
0.043462,0.043462,0.089872,0.95162,1.0
0.044395,0.044395,0.099258,0.93328,1.0
0.044909,0.044909,0.10707,0.91769,1.0
0.045328,0.045328,0.11369,0.90557,1.0
0.045761,0.045761,0.1194,0.89589,1.0
0.04623,0.04623,0.1244,0.88814,1.0
0.04673,0.04673,0.12883,0.8807,1.0
0.047195,0.047195,0.1328,0.87524,1.0
0.047558,0.047558,0.13636,0.872,1.0
0.047854,0.047854,0.13958,0.86699,1.0
0.048023,0.048023,0.1425,0.8635,1.0
0.04805,0.04805,0.14515,0.86225,1.0
0.04805,0.04805,0.14759,0.86024,0.99999
0.04805,0.04805,0.14985,0.86371,0.99999
0.04805,0.04805,0.15196,0.87012,0.99999
0.04805,0.04805,0.15393,0.88066,0.99999
0.04805,0.04805,0.15576,0.89834,0.99998
0.04805,0.04805,0.15744,0.91515,0.99998
0.04805,0.04805,0.15898,0.93673,0.99997
0.04805,0.04805,0.16037,0.95954,0.99997
0.04805,0.04805,0.1616,0.97399,0.99997
0.04805,0.04805,0.16262,0.98433,0.99996
0.04805,0.04805,0.16342,0.98977,0.99996
0.04805,0.04805,0.16393,0.9908,0.99996
0.04805,0.04805,0.1641,0.99136,0.99996
7.9058e-06,7.9058e-06,0.0,0.5,1.0
0.00013452,0.00013452,0.00064885,0.99467,1.0
0.0013182,0.0013182,0.0035336,0.99506,1.0
0.0062337,0.0062337,0.011238,0.99553,1.0
0.017139,0.017139,0.02612,0.99494,1.0
0.030868,0.030868,0.048972,0.98776,1.0
0.041278,0.041278,0.078481,0.96985,0.99999
0.046134,0.046134,0.10766,0.94585,0.9998
0.047477,0.047478,0.1271,0.92275,0.99975
0.047717,0.047717,0.13867,0.9044,0.99991
0.047721,0.047722,0.14807,0.89178,0.99996
0.047691,0.047691,0.15586,0.88318,0.99997
0.0477,0.0477,0.16244,0.87657,0.99998
0.047768,0.047768,0.1681,0.87102,0.99998
0.047881,0.047881,0.17304,0.8646,0.99998
0.047998,0.047998,0.1774,0.86265,0.99998
0.04805,0.04805,0.18128,0.86227,0.99998
0.04805,0.04805,0.18477,0.85668,0.99997
0.04805,0.04805,0.18793,0.85186,0.99997
0.04805,0.04805,0.19081,0.84734,0.99996
0.04805,0.04805,0.19347,0.84149,0.99994
0.04805,0.04805,0.19593,0.84509,0.99993
0.04805,0.04805,0.19824,0.85366,0.9999
0.04805,0.04805,0.2004,0.8728,0.99988
0.04805,0.04805,0.20242,0.90426,0.99986
0.04805,0.04805,0.20429,0.92688,0.99985
0.04805,0.04805,0.20602,0.94983,0.99985
0.04805,0.04805,0.20758,0.97145,0.99984
0.04805,0.04805,0.20897,0.98279,0.99984
0.04805,0.04805,0.21015,0.98963,0.99984
0.04805,0.04805,0.21106,0.9923,0.99983
0.04805,0.04805,0.21164,0.99325,0.99983
0.04805,0.04805,0.21184,0.9938,0.99983
1.0082e-05,1.0082e-05,0.0,0.5,1.0
0.00017228,0.00017228,0.0007716,0.99106,1.0
0.0016599,0.0016599,0.0042032,0.99165,1.0
0.0075302,0.0075302,0.013348,0.99237,1.0
0.019591,0.019591,0.03081,0.99079,1.0
0.033563,0.033563,0.056996,0.97824,1.0
0.043462,0.043462,0.089872,0.95162,1.0
0.047477,0.047478,0.1271,0.92275,0.99975
0.04805,0.04805,0.16091,0.90334,0.99812
0.04805,0.04805,0.18125,0.89443,0.99768
0.04805,0.04805,0.19213,0.89188,0.99895
0.04805,0.04805,0.20099,0.8914,0.99948
0.04805,0.04805,0.20835,0.89057,0.99976
0.04805,0.04805,0.21456,0.88835,0.99989
0.048039,0.04804,0.21988,0.88491,0.99994
0.047996,0.047996,0.2245,0.88312,0.99996
0.047952,0.047952,0.22856,0.8802,0.99996
0.047974,0.047974,0.23218,0.87393,0.99996
0.048028,0.048028,0.23543,0.86718,0.99996
0.04805,0.04805,0.23837,0.8594,0.99995
0.04805,0.04805,0.24108,0.85145,0.99994
0.04805,0.04805,0.24359,0.84366,0.99992
0.04805,0.04805,0.24595,0.83879,0.9999
0.04805,0.04805,0.24816,0.86213,0.99988
0.04805,0.04805,0.25026,0.91027,0.99986
0.04805,0.04805,0.25222,0.94193,0.99986
0.04805,0.04805,0.25404,0.96464,0.99986
0.04805,0.04805,0.25572,0.97851,0.99985
0.04805,0.04805,0.25722,0.97904,0.99985
0.04805,0.04805,0.25852,0.97735,0.99985
0.04805,0.04805,0.25953,0.97448,0.99985
0.04805,0.04805,0.26018,0.97538,0.99985
0.04805,0.04805,0.2604,0.97559,0.99985
1.2428e-05,1.2428e-05,0.0,0.5,1.0
0.00021303,0.00021303,0.00088726,0.9871,1.0
0.0020212,0.0020212,0.0048319,0.98765,1.0
0.0088185,0.0088185,0.015303,0.98847,1.0
0.02176,0.02176,0.035022,0.98543,1.0
0.035459,0.035459,0.063892,0.96707,1.0
0.044395,0.044395,0.099258,0.93328,1.0
0.047717,0.047717,0.13867,0.9044,0.99991
0.04805,0.04805,0.18125,0.89443,0.99768
0.04805,0.04805,0.21855,0.89862,0.99554
0.04805,0.04805,0.23927,0.90714,0.99708
0.04805,0.04805,0.2492,0.91422,0.99905
0.04805,0.04805,0.25733,0.91832,0.99966
0.04805,0.04805,0.26407,0.91964,0.99987
0.04805,0.04805,0.26973,0.91989,0.99994
0.048006,0.048006,0.27455,0.91844,0.99997
0.047867,0.047868,0.27868,0.91445,0.99998
0.047758,0.047758,0.28227,0.90908,0.99998
0.047767,0.047767,0.28544,0.90349,0.99999
0.047827,0.047827,0.28827,0.89682,0.99999
0.04793,0.04793,0.29084,0.88834,0.99999
0.048023,0.048023,0.29321,0.87207,0.99999
0.04805,0.04805,0.29543,0.86277,0.99999
0.04805,0.04805,0.29753,0.86524,0.99999
0.04805,0.04805,0.29953,0.89171,0.99998
0.04805,0.04805,0.30143,0.9194,0.99998
0.04805,0.04805,0.30323,0.95466,0.99998
0.04805,0.04805,0.30491,0.9735,0.99998
0.04805,0.04805,0.30646,0.95322,0.99998
0.04805,0.04805,0.30782,0.93763,0.99998
0.04805,0.04805,0.3089,0.92813,0.99998
0.04805,0.04805,0.3096,0.9292,0.99998
0.04805,0.04805,0.30984,0.92904,0.99998
1.489e-05,1.489e-05,0.0,0.5,1.0
0.00025581,0.00025581,0.00099523,0.98315,1.0
0.0023932,0.0023932,0.0054171,0.98352,1.0
0.01008,0.01008,0.017101,0.9843,1.0
0.023742,0.023742,0.038791,0.97956,1.0
0.03702,0.03702,0.069837,0.95597,1.0
0.044909,0.044909,0.10707,0.91769,1.0
0.047721,0.047722,0.14807,0.89178,0.99996
0.04805,0.04805,0.19213,0.89188,0.99895
0.04805,0.04805,0.23927,0.90715,0.99708
0.04805,0.04805,0.27966,0.92314,0.9973
0.04805,0.04805,0.30064,0.93382,0.99904
0.04805,0.04805,0.3096,0.93994,0.99977
0.04805,0.04805,0.3169,0.94404,0.99994
0.04805,0.04805,0.32292,0.94697,0.99998
0.04805,0.04805,0.32791,0.94739,0.99999
0.047966,0.047966,0.33207,0.94478,1.0
0.047754,0.047754,0.33556,0.93494,1.0
0.047552,0.047552,0.33852,0.91519,1.0
0.047483,0.047483,0.34107,0.89041,1.0
0.047567,0.047567,0.34331,0.86955,1.0
0.047724,0.047724,0.34533,0.85947,1.0
0.047888,0.047888,0.3472,0.86324,1.0
0.048012,0.048012,0.34896,0.8821,1.0
0.04805,0.04805,0.35066,0.87861,1.0
0.04805,0.04805,0.35229,0.8472,1.0
0.04805,0.04805,0.35388,0.89503,1.0
0.04805,0.04805,0.35542,0.96156,1.0
0.04805,0.04805,0.35689,0.95191,1.0
0.04805,0.04805,0.35822,0.91114,1.0
0.04805,0.04805,0.3593,0.88247,1.0
0.04805,0.04805,0.36001,0.88087,1.0
0.04805,0.04805,0.36026,0.88049,1.0
1.7422e-05,1.7422e-05,0.0,0.5,1.0
0.00029979,0.00029979,0.001096,0.97942,1.0
0.0027682,0.0027682,0.0059621,0.97956,1.0
0.011297,0.011297,0.018757,0.98024,1.0
0.02557,0.02557,0.04218,0.97388,1.0
0.038412,0.038412,0.075019,0.94628,1.0
0.045328,0.045328,0.11369,0.90557,1.0
0.047691,0.047691,0.15586,0.88318,0.99997
0.04805,0.04805,0.20099,0.8914,0.99948
0.04805,0.04805,0.2492,0.91422,0.99905
0.04805,0.04805,0.30064,0.93382,0.99904
0.04805,0.04805,0.34405,0.94528,0.99929
0.04805,0.04805,0.3653,0.95289,0.99975
0.04805,0.04805,0.37325,0.96016,0.99995
0.04805,0.04805,0.37966,0.96548,0.99999
0.04805,0.04805,0.38485,0.96656,1.0
0.04805,0.04805,0.38904,0.9628,1.0
0.047969,0.047969,0.39241,0.94624,1.0
0.047772,0.047772,0.3951,0.90083,1.0
0.047521,0.047521,0.39725,0.8456,1.0
0.047349,0.047349,0.399,0.80244,1.0
0.047357,0.047357,0.40047,0.77947,1.0
0.04752,0.04752,0.40176,0.77227,1.0
0.047748,0.047748,0.40294,0.80081,1.0
0.047955,0.047955,0.40408,0.84189,1.0
0.04805,0.04805,0.4052,0.85192,1.0
0.04805,0.04805,0.40634,0.8564,1.0
0.04805,0.04805,0.40752,0.90887,1.0
0.04805,0.04805,0.40872,0.95646,1.0
0.04805,0.04805,0.40988,0.92637,1.0
0.04805,0.04805,0.41086,0.89068,1.0
0.04805,0.04805,0.41152,0.88237,1.0
0.04805,0.04805,0.41175,0.88162,1.0
1.9982e-05,1.9982e-05,0.0,0.5,1.0
0.00034423,0.00034423,0.0011904,0.97571,1.0
0.0031403,0.0031403,0.0064717,0.97562,1.0
0.012458,0.012458,0.020291,0.97616,1.0
0.02725,0.02725,0.045252,0.96834,1.0
0.039683,0.039683,0.079594,0.93776,1.0
0.045761,0.045761,0.1194,0.8959,1.0
0.0477,0.0477,0.16244,0.87658,0.99998
0.04805,0.04805,0.20835,0.89057,0.99976
0.04805,0.04805,0.25733,0.91832,0.99966
0.04805,0.04805,0.3096,0.93994,0.99977
0.04805,0.04805,0.3653,0.95289,0.99975
0.04805,0.04805,0.4117,0.96359,0.99981
0.04805,0.04805,0.4332,0.9735,0.99993
0.04805,0.04805,0.44008,0.97966,0.99999
0.04805,0.04805,0.44553,0.98073,1.0
0.04805,0.04805,0.44977,0.97605,1.0
0.04805,0.04805,0.45301,0.96065,1.0
0.04801,0.04801,0.4554,0.91892,1.0
0.047865,0.047865,0.45711,0.86327,1.0
0.047615,0.047615,0.45827,0.79301,1.0
0.047387,0.047387,0.45904,0.72625,1.0
0.047314,0.047314,0.45954,0.69167,1.0
0.047417,0.047417,0.4599,0.68241,1.0
0.047661,0.047661,0.46022,0.7267,1.0
0.047908,0.047908,0.46055,0.79001,1.0
0.048027,0.048027,0.46095,0.85222,1.0
0.04805,0.04805,0.4615,0.88009,1.0
0.04805,0.04805,0.46219,0.86527,1.0
0.04805,0.04805,0.46296,0.89913,1.0
0.04805,0.04805,0.46369,0.93573,1.0
0.04805,0.04805,0.46421,0.93374,1.0
0.04805,0.04805,0.46439,0.9319,1.0
2.2538e-05,2.2538e-05,0.0,0.5,1.0
0.00038858,0.00038858,0.0012792,0.97143,1.0
0.0035049,0.0035049,0.0069502,0.97122,1.0
0.013554,0.013554,0.021719,0.97164,1.0
0.028784,0.028784,0.048058,0.96255,1.0
0.040845,0.040845,0.083683,0.93,1.0
0.04623,0.04623,0.1244,0.88815,1.0
0.047768,0.047768,0.1681,0.87102,0.99998
0.04805,0.04805,0.21456,0.88835,0.99989
0.04805,0.04805,0.26407,0.91964,0.99987
0.04805,0.04805,0.3169,0.94404,0.99994
0.04805,0.04805,0.37325,0.96016,0.99995
0.04805,0.04805,0.4332,0.9735,0.99993
0.04805,0.04805,0.48254,0.98375,0.99994
0.04805,0.04805,0.50427,0.98949,0.99998
0.04805,0.04805,0.51004,0.99072,1.0
0.04805,0.04805,0.51438,0.98659,1.0
0.04805,0.04805,0.51751,0.97632,1.0
0.04805,0.04805,0.51959,0.95948,1.0
0.04805,0.04805,0.52081,0.92657,1.0
0.047954,0.047954,0.52132,0.8493,1.0
0.047753,0.047753,0.52128,0.7457,1.0
0.047524,0.047524,0.52085,0.68176,1.0
0.047375,0.047375,0.52018,0.65221,1.0
0.04741,0.04741,0.51941,0.63835,1.0
0.0476,0.0476,0.51867,0.64829,1.0
0.047829,0.047829,0.51805,0.73567,1.0
0.04799,0.04799,0.51766,0.83685,1.0
0.04805,0.04805,0.51755,0.85984,1.0
0.04805,0.04805,0.51768,0.86601,1.0
0.04805,0.04805,0.51795,0.86937,1.0
0.04805,0.04805,0.51819,0.85976,1.0
0.04805,0.04805,0.51827,0.85291,1.0
2.5064e-05,2.5064e-05,0.0,0.5,1.0
0.00043236,0.00043236,0.001363,0.96506,1.0
0.0038583,0.0038583,0.0074008,0.96482,1.0
0.014581,0.014581,0.023051,0.96513,1.0
0.030177,0.030177,0.050634,0.9552,1.0
0.041898,0.041898,0.087369,0.92203,1.0
0.04673,0.04673,0.12883,0.88071,1.0
0.047881,0.047881,0.17304,0.86461,0.99998
0.048039,0.04804,0.21988,0.88491,0.99994
0.04805,0.04805,0.26973,0.91989,0.99994
0.04805,0.04805,0.32292,0.94697,0.99998
0.04805,0.04805,0.37966,0.96548,0.99999
0.04805,0.04805,0.44008,0.97966,0.99999
0.04805,0.04805,0.50427,0.98949,0.99998
0.04805,0.04805,0.55655,0.99497,0.99998
0.04805,0.04805,0.57842,0.99624,0.99999
0.04805,0.04805,0.58291,0.99294,1.0
0.04805,0.04805,0.58596,0.98633,1.0
0.04805,0.04805,0.58775,0.98036,1.0
0.04805,0.04805,0.58846,0.96015,1.0
0.04805,0.04805,0.58827,0.90761,1.0
0.048022,0.048022,0.58734,0.83243,1.0
0.047892,0.047892,0.58586,0.77133,1.0
0.047661,0.047661,0.584,0.69941,1.0
0.047462,0.047462,0.58194,0.63255,1.0
0.047395,0.047395,0.57984,0.61924,1.0
0.047485,0.047485,0.57789,0.61987,1.0
0.04769,0.04769,0.57626,0.68945,1.0
0.04791,0.04791,0.57505,0.77064,1.0
0.04803,0.04803,0.57427,0.80268,1.0
0.04805,0.04805,0.57384,0.83293,1.0
0.04805,0.04805,0.57362,0.84573,1.0
0.04805,0.04805,0.57355,0.85016,1.0
2.7537e-05,2.7537e-05,0.0,0.5,1.0
0.00047515,0.00047515,0.001442,0.95709,1.0
0.0041978,0.0041978,0.0078251,0.95692,1.0
0.015535,0.015535,0.024296,0.95705,1.0
0.031431,0.031431,0.053004,0.94631,1.0
0.042844,0.042844,0.090709,0.9133,1.0
0.047195,0.047195,0.1328,0.87524,1.0
0.047998,0.047998,0.1774,0.86265,0.99998
0.047996,0.047996,0.2245,0.88312,0.99996
0.048006,0.048006,0.27455,0.91844,0.99997
0.04805,0.04805,0.32791,0.94739,0.99999
0.04805,0.04805,0.38485,0.96656,1.0
0.04805,0.04805,0.44553,0.98073,1.0
0.04805,0.04805,0.51004,0.99072,1.0
0.04805,0.04805,0.57842,0.99624,0.99999
0.04805,0.04805,0.63354,0.99747,0.99999
0.04805,0.04805,0.65537,0.99513,1.0
0.04805,0.04805,0.65837,0.99017,1.0
0.04805,0.04805,0.65988,0.98281,1.0
0.04805,0.04805,0.66008,0.9652,1.0
0.04805,0.04805,0.65914,0.94055,1.0
0.04805,0.04805,0.65727,0.93029,1.0
0.04805,0.04805,0.65464,0.91483,1.0
0.047966,0.047966,0.65146,0.82128,1.0
0.047733,0.047733,0.64793,0.69267,1.0
0.047435,0.047434,0.64426,0.63712,1.0
0.04723,0.04723,0.6407,0.61671,1.0
0.047234,0.047234,0.63753,0.59646,1.0
0.047434,0.047434,0.63492,0.59204,1.0
0.047667,0.047666,0.63293,0.65399,1.0
0.047829,0.047829,0.63156,0.73293,1.0
0.047932,0.047931,0.63073,0.7589,1.0
0.047963,0.047963,0.63044,0.76853,1.0
2.9938e-05,2.9938e-05,0.0,0.5,1.0
0.00051664,0.00051664,0.0015163,0.95068,1.0
0.0045212,0.0045212,0.0082239,0.95068,1.0
0.016416,0.016416,0.025456,0.95072,1.0
0.032554,0.032554,0.055184,0.93915,1.0
0.04369,0.04369,0.09374,0.90633,1.0
0.047558,0.047558,0.13636,0.872,1.0
0.04805,0.04805,0.18128,0.86227,0.99998
0.047952,0.047952,0.22856,0.8802,0.99996
0.047867,0.047868,0.27868,0.91444,0.99998
0.047966,0.047966,0.33207,0.94478,1.0
0.04805,0.04805,0.38904,0.9628,1.0
0.04805,0.04805,0.44977,0.97605,1.0
0.04805,0.04805,0.51438,0.98659,1.0
0.04805,0.04805,0.58291,0.99294,1.0
0.04805,0.04805,0.65537,0.99513,1.0
0.04805,0.04805,0.71313,0.99381,1.0
0.04805,0.04805,0.7347,0.98923,1.0
0.04805,0.04805,0.73593,0.9808,1.0
0.04805,0.04805,0.73561,0.96779,1.0
0.04805,0.04805,0.73392,0.95947,1.0
0.04805,0.04805,0.73104,0.97192,1.0
0.04805,0.04805,0.72719,0.97273,1.0
0.04805,0.04805,0.72257,0.92435,1.0
0.047976,0.047976,0.71742,0.83772,1.0
0.047623,0.047623,0.712,0.72521,1.0
0.047126,0.047125,0.7066,0.63803,1.0
0.046845,0.046844,0.7016,0.60036,1.0
0.04682,0.046819,0.69729,0.58439,1.0
0.046951,0.04695,0.69382,0.57893,1.0
0.047146,0.047145,0.69127,0.57579,1.0
0.047291,0.04729,0.68966,0.57398,1.0
0.047334,0.047334,0.68909,0.57329,1.0
3.2251e-05,3.2251e-05,0.0,0.5,1.0
0.00055655,0.00055655,0.0015862,0.94518,1.0
0.0048273,0.0048273,0.0085981,0.94525,1.0
0.017226,0.017226,0.026538,0.94527,1.0
0.033558,0.033558,0.057193,0.93321,1.0
0.044447,0.044447,0.096504,0.90055,1.0
0.047854,0.047854,0.13958,0.86698,1.0
0.04805,0.04805,0.18477,0.85667,0.99997
0.047974,0.047974,0.23218,0.87393,0.99996
0.047758,0.047758,0.28227,0.90908,0.99998
0.047754,0.047754,0.33556,0.93494,1.0
0.047969,0.047969,0.39241,0.94623,1.0
0.04805,0.04805,0.45301,0.96065,1.0
0.04805,0.04805,0.51751,0.97632,1.0
0.04805,0.04805,0.58596,0.98632,1.0
0.04805,0.04805,0.65837,0.99017,1.0
0.04805,0.04805,0.7347,0.98923,1.0
0.04805,0.04805,0.79484,0.98433,1.0
0.04805,0.04805,0.81583,0.97621,1.0
0.04805,0.04805,0.81497,0.96695,1.0
0.04805,0.04805,0.81249,0.96153,1.0
0.04805,0.04805,0.80856,0.96192,1.0
0.04805,0.04805,0.80341,0.94811,1.0
0.04805,0.04805,0.79725,0.94422,1.0
0.04805,0.04805,0.79037,0.95291,1.0
0.047778,0.047778,0.78304,0.8169,1.0
0.047109,0.047109,0.77563,0.65662,1.0
0.046517,0.046517,0.76857,0.61653,1.0
0.046259,0.046259,0.76228,0.59886,1.0
0.046201,0.0462,0.75704,0.5865,1.0
0.046246,0.046245,0.75305,0.57684,1.0
0.046298,0.046298,0.75048,0.57437,1.0
0.046312,0.046311,0.74957,0.57357,1.0
3.4464e-05,3.4464e-05,0.0,0.5,1.0
0.00059464,0.00059464,0.0016515,0.9408,1.0
0.0051147,0.0051147,0.0089469,0.9408,1.0
0.017967,0.017967,0.027539,0.94074,1.0
0.034457,0.034457,0.059032,0.92846,1.0
0.045025,0.045025,0.099009,0.89629,1.0
0.048023,0.048023,0.1425,0.86349,1.0
0.04805,0.04805,0.18793,0.85186,0.99997
0.048028,0.048028,0.23543,0.86719,0.99996
0.047767,0.047767,0.28544,0.90349,0.99999
0.047552,0.047552,0.33852,0.91518,1.0
0.047772,0.047772,0.3951,0.90082,1.0
0.04801,0.04801,0.4554,0.91891,1.0
0.04805,0.04805,0.51959,0.95947,1.0
0.04805,0.04805,0.58775,0.98036,1.0
0.04805,0.04805,0.65988,0.98281,1.0
0.04805,0.04805,0.73593,0.9808,1.0
0.04805,0.04805,0.81583,0.97621,1.0
0.04805,0.04805,0.87799,0.9691,1.0
0.04805,0.04805,0.89803,0.95998,1.0
0.04805,0.04805,0.8947,0.94854,1.0
0.04805,0.04805,0.88967,0.93262,1.0
0.04805,0.04805,0.88314,0.91084,1.0
0.04805,0.04805,0.87536,0.91191,1.0
0.04805,0.04805,0.86664,0.92231,1.0
0.047843,0.047842,0.85731,0.79615,1.0
0.04709,0.04709,0.84774,0.66007,1.0
0.04621,0.04621,0.83843,0.6354,1.0
0.045685,0.045685,0.8299,0.61925,1.0
0.045408,0.045408,0.8226,0.6073,1.0
0.045302,0.045302,0.81692,0.59804,1.0
0.04527,0.045269,0.8132,0.5953,1.0
0.045256,0.045255,0.81188,0.59433,1.0
3.6567e-05,3.6567e-05,0.0,0.5,1.0
0.00063076,0.00063076,0.0017122,0.93908,1.0
0.0053832,0.0053832,0.0092709,0.93898,1.0
0.018641,0.018641,0.028463,0.9388,1.0
0.035262,0.035262,0.060712,0.92617,1.0
0.045416,0.045416,0.10128,0.89448,1.0
0.04805,0.04805,0.14515,0.86224,1.0
0.04805,0.04805,0.19081,0.84734,0.99996
0.04805,0.04805,0.23837,0.8594,0.99995
0.047827,0.047827,0.28827,0.89682,0.99999
0.047483,0.047483,0.34107,0.89041,1.0
0.047521,0.047521,0.39725,0.8456,1.0
0.047865,0.047865,0.45711,0.86327,1.0
0.04805,0.04805,0.52081,0.92656,1.0
0.04805,0.04805,0.58846,0.96015,1.0
0.04805,0.04805,0.66008,0.96519,1.0
0.04805,0.04805,0.73561,0.96778,1.0
0.04805,0.04805,0.81497,0.96695,1.0
0.04805,0.04805,0.89803,0.95998,1.0
0.04805,0.04805,0.955,0.9465,1.0
0.04805,0.04805,0.96835,0.92538,1.0
0.04805,0.04805,0.96555,0.89872,1.0
0.04805,0.04805,0.96193,0.87748,1.0
0.04805,0.04805,0.95578,0.87857,1.0
0.04805,0.04805,0.94606,0.84815,1.0
0.047828,0.047827,0.93464,0.73297,1.0
0.046976,0.046975,0.92281,0.66158,1.0
0.04588,0.045879,0.91108,0.66029,1.0
0.045081,0.04508,0.90009,0.65086,1.0
0.04454,0.044539,0.89047,0.64059,1.0
0.044225,0.044225,0.88283,0.63196,1.0
0.044064,0.044064,0.87777,0.62924,1.0
0.044009,0.044008,0.87596,0.62807,1.0
3.8562e-05,3.8562e-05,0.0,0.5,1.0
0.00066495,0.00066495,0.0017692,0.93836,1.0
0.0056337,0.0056337,0.0095747,0.93819,1.0
0.019257,0.019257,0.029325,0.93784,1.0
0.035982,0.035982,0.062266,0.92462,1.0
0.045738,0.045738,0.10336,0.89294,1.0
0.04805,0.04805,0.14759,0.86024,0.99999
0.04805,0.04805,0.19347,0.84149,0.99994
0.04805,0.04805,0.24108,0.85146,0.99994
0.04793,0.04793,0.29084,0.88835,0.99999
0.047567,0.047567,0.34331,0.86955,1.0
0.047349,0.047349,0.399,0.80244,1.0
0.047615,0.047615,0.45827,0.79301,1.0
0.047954,0.047954,0.52132,0.8493,1.0
0.04805,0.04805,0.58827,0.9076,1.0
0.04805,0.04805,0.65914,0.94055,1.0
0.04805,0.04805,0.73392,0.95947,1.0
0.04805,0.04805,0.81249,0.96153,1.0
0.04805,0.04805,0.8947,0.94854,1.0
0.04805,0.04805,0.96835,0.92538,1.0
0.04805,0.04805,1.0,0.89595,1.0
0.04805,0.04805,1.0,0.87011,1.0
0.04805,0.04805,1.0,0.86635,1.0
0.04805,0.04805,0.99815,0.88844,1.0
0.04805,0.04805,0.99327,0.82379,1.0
0.04771,0.04771,0.98703,0.69498,1.0
0.046716,0.046716,0.98054,0.66827,1.0
0.04548,0.045479,0.97405,0.6962,1.0
0.044417,0.044416,0.96791,0.70532,1.0
0.043583,0.043582,0.95993,0.70283,1.0
0.043012,0.043012,0.95065,0.6979,1.0
0.042683,0.042682,0.94405,0.6975,1.0
0.042571,0.042571,0.94167,0.69681,1.0
4.0447e-05,4.0447e-05,0.0,0.5,1.0
0.00069722,0.00069722,0.001823,0.93723,1.0
0.005867,0.005867,0.009861,0.93699,1.0
0.019817,0.019817,0.030134,0.93661,1.0
0.036623,0.036623,0.063716,0.92354,1.0
0.04602,0.04602,0.1053,0.89347,1.0
0.04805,0.04805,0.14985,0.86372,0.99999
0.04805,0.04805,0.19593,0.84509,0.99993
0.04805,0.04805,0.24359,0.84366,0.99992
0.048023,0.048023,0.29321,0.87208,0.99999
0.047724,0.047724,0.34533,0.85947,1.0
0.047357,0.047357,0.40047,0.77947,1.0
0.047387,0.047387,0.45904,0.72625,1.0
0.047753,0.047753,0.52128,0.74569,1.0
0.048022,0.048022,0.58734,0.83243,1.0
0.04805,0.04805,0.65727,0.93028,1.0
0.04805,0.04805,0.73104,0.97192,1.0
0.04805,0.04805,0.80856,0.96192,1.0
0.04805,0.04805,0.88967,0.93262,1.0
0.04805,0.04805,0.96555,0.89872,1.0
0.04805,0.04805,1.0,0.87011,1.0
0.04805,0.04805,1.0,0.86393,1.0
0.04805,0.04805,1.0,0.893,1.0
0.04805,0.04805,1.0,0.914,1.0
0.048048,0.048047,1.0,0.79615,1.0
0.047511,0.04751,1.0,0.66274,1.0
0.046314,0.046313,1.0,0.68443,1.0
0.044967,0.044967,1.0,0.75186,1.0
0.043652,0.043652,1.0,0.80043,1.0
0.042512,0.042512,0.99744,0.82644,1.0
0.04165,0.04165,0.99251,0.83814,1.0
0.041119,0.041118,0.98879,0.84662,1.0
0.040937,0.040937,0.98746,0.84848,1.0
4.2223e-05,4.2223e-05,0.0,0.5,1.0
0.00072753,0.00072753,0.0018737,0.93568,1.0
0.0060833,0.0060833,0.010131,0.93537,1.0
0.020326,0.020326,0.030892,0.93499,1.0
0.03719,0.03719,0.065069,0.92265,1.0
0.046265,0.046265,0.10711,0.89526,1.0
0.04805,0.04805,0.15196,0.87014,0.99999
0.04805,0.04805,0.19824,0.85367,0.9999
0.04805,0.04805,0.24595,0.8388,0.9999
0.04805,0.04805,0.29543,0.86277,0.99999
0.047888,0.047888,0.3472,0.86324,1.0
0.04752,0.04752,0.40176,0.77227,1.0
0.047314,0.047314,0.45954,0.69167,1.0
0.047524,0.047524,0.52085,0.68176,1.0
0.047892,0.047892,0.58586,0.77133,1.0
0.04805,0.04805,0.65464,0.91483,1.0
0.04805,0.04805,0.72719,0.97272,1.0
0.04805,0.04805,0.80341,0.94811,1.0
0.04805,0.04805,0.88314,0.91084,1.0
0.04805,0.04805,0.96193,0.87748,1.0
0.04805,0.04805,1.0,0.86635,1.0
0.04805,0.04805,1.0,0.893,1.0
0.04805,0.04805,1.0,0.93095,1.0
0.04805,0.048049,1.0,0.87661,1.0
0.047861,0.04786,1.0,0.72268,1.0
0.047068,0.047068,1.0,0.65319,1.0
0.04577,0.04577,1.0,0.72537,1.0
0.044292,0.044292,1.0,0.83146,1.0
0.042735,0.042735,1.0,0.91092,1.0
0.041284,0.041284,1.0,0.94182,1.0
0.040111,0.040111,1.0,0.94036,1.0
0.039351,0.039351,1.0,0.93547,1.0
0.039088,0.039088,1.0,0.93335,1.0
4.3885e-05,4.3885e-05,0.0,0.5,1.0
0.00075585,0.00075585,0.0019214,0.93683,1.0
0.0062829,0.0062829,0.010385,0.93649,1.0
0.020787,0.020787,0.031603,0.93626,1.0
0.03769,0.03769,0.066331,0.92507,1.0
0.046477,0.046477,0.10879,0.90053,1.0
0.04805,0.04805,0.15393,0.88068,0.99999
0.04805,0.04805,0.2004,0.87281,0.99988
0.04805,0.04805,0.24816,0.86213,0.99988
0.04805,0.04805,0.29753,0.86524,0.99999
0.048012,0.048012,0.34896,0.8821,1.0
0.047748,0.047748,0.40294,0.80081,1.0
0.047417,0.047417,0.4599,0.68241,1.0
0.047375,0.047375,0.52018,0.65221,1.0
0.047661,0.047661,0.584,0.69941,1.0
0.047966,0.047966,0.65146,0.82128,1.0
0.04805,0.04805,0.72257,0.92435,1.0
0.04805,0.04805,0.79725,0.94422,1.0
0.04805,0.04805,0.87536,0.91191,1.0
0.04805,0.04805,0.95578,0.87857,1.0
0.04805,0.04805,0.99815,0.88844,1.0
0.04805,0.04805,1.0,0.914,1.0
0.04805,0.048049,1.0,0.87661,1.0
0.047909,0.047909,1.0,0.75624,1.0
0.047353,0.047353,1.0,0.66356,1.0
0.04636,0.04636,1.0,0.68914,1.0
0.04503,0.045029,1.0,0.79926,1.0
0.043397,0.043397,1.0,0.90451,1.0
0.041603,0.041603,1.0,0.9368,1.0
0.039843,0.039843,1.0,0.9121,1.0
0.038344,0.038344,1.0,0.87633,1.0
0.037336,0.037336,1.0,0.85168,1.0
0.036983,0.036983,1.0,0.84392,1.0
4.5428e-05,4.5428e-05,0.0,0.5,1.0
0.00078211,0.00078211,0.0019661,0.94114,1.0
0.0064656,0.0064656,0.010622,0.94084,1.0
0.0212,0.0212,0.032264,0.94103,1.0
0.038128,0.038128,0.067501,0.93183,1.0
0.046659,0.046659,0.11035,0.9112,1.0
0.04805,0.04805,0.15576,0.89835,0.99998
0.04805,0.04805,0.20242,0.90427,0.99986
0.04805,0.04805,0.25026,0.91027,0.99986
0.04805,0.04805,0.29953,0.89172,0.99998
0.04805,0.04805,0.35066,0.87861,1.0
0.047955,0.047955,0.40408,0.84189,1.0
0.047661,0.047661,0.46022,0.7267,1.0
0.04741,0.04741,0.51941,0.63835,1.0
0.047462,0.047462,0.58194,0.63255,1.0
0.047733,0.047733,0.64793,0.69267,1.0
0.047976,0.047976,0.71742,0.83772,1.0
0.04805,0.04805,0.79037,0.95291,1.0
0.04805,0.04805,0.86664,0.92231,1.0
0.04805,0.04805,0.94606,0.84815,1.0
0.04805,0.04805,0.99327,0.8238,1.0
0.048048,0.048047,1.0,0.79615,1.0
0.047861,0.04786,1.0,0.72268,1.0
0.047353,0.047353,1.0,0.66356,1.0
0.046563,0.046562,1.0,0.68126,1.0
0.045465,0.045464,1.0,0.77552,1.0
0.044013,0.044012,1.0,0.891,1.0
0.042214,0.042214,1.0,0.92381,1.0
0.040182,0.040183,1.0,0.8694,1.0
0.038113,0.038113,1.0,0.80847,1.0
0.036278,0.036279,1.0,0.7706,1.0
0.035005,0.035006,1.0,0.74986,1.0
0.034552,0.034553,1.0,0.74345,1.0
4.6848e-05,4.6848e-05,0.0,0.5,1.0
0.0008062,0.0008062,0.0020074,0.95003,1.0
0.0066314,0.0066314,0.010841,0.94973,1.0
0.021569,0.021569,0.032874,0.95031,1.0
0.038509,0.038509,0.068577,0.94268,1.0
0.046813,0.046813,0.11178,0.9246,1.0
0.04805,0.04805,0.15744,0.91516,0.99998
0.04805,0.04805,0.20429,0.92688,0.99985
0.04805,0.04805,0.25222,0.94193,0.99986
0.04805,0.04805,0.30143,0.91941,0.99998
0.04805,0.04805,0.35229,0.8472,1.0
0.04805,0.04805,0.4052,0.85192,1.0
0.047908,0.047908,0.46055,0.79001,1.0
0.0476,0.0476,0.51867,0.64829,1.0
0.047395,0.047395,0.57984,0.61924,1.0
0.047435,0.047434,0.64426,0.63712,1.0
0.047623,0.047623,0.712,0.72521,1.0
0.047778,0.047778,0.78304,0.8169,1.0
0.047843,0.047842,0.85731,0.79615,1.0
0.047828,0.047827,0.93464,0.73297,1.0
0.04771,0.04771,0.98703,0.69498,1.0
0.047511,0.04751,1.0,0.66274,1.0
0.047068,0.047068,1.0,0.65319,1.0
0.04636,0.04636,1.0,0.68914,1.0
0.045465,0.045464,1.0,0.77552,1.0
0.044249,0.044249,1.0,0.89237,1.0
0.04265,0.04265,1.0,0.93876,1.0
0.040671,0.040671,1.0,0.87609,1.0
0.038394,0.038395,1.0,0.79502,1.0
0.036007,0.036007,1.0,0.74563,1.0
0.03382,0.033821,1.0,0.71807,1.0
0.032261,0.032262,1.0,0.70311,1.0
0.031698,0.031699,1.0,0.69829,1.0
4.8138e-05,4.8138e-05,0.0,0.5,1.0
0.00082804,0.00082804,0.0020452,0.9642,1.0
0.0067801,0.0067801,0.011041,0.96379,1.0
0.021894,0.021894,0.033431,0.96476,1.0
0.038836,0.038836,0.069556,0.95899,1.0
0.046943,0.046943,0.11309,0.9438,1.0
0.04805,0.04805,0.15898,0.93673,0.99997
0.04805,0.04805,0.20602,0.94984,0.99985
0.04805,0.04805,0.25404,0.96465,0.99986
0.04805,0.04805,0.30323,0.95466,0.99998
0.04805,0.04805,0.35388,0.89504,1.0
0.04805,0.04805,0.40634,0.85641,1.0
0.048027,0.048027,0.46095,0.85223,1.0
0.047829,0.047829,0.51805,0.73567,1.0
0.047485,0.047485,0.57789,0.61987,1.0
0.04723,0.04723,0.6407,0.61671,1.0
0.047126,0.047125,0.7066,0.63803,1.0
0.047109,0.047109,0.77563,0.65662,1.0
0.04709,0.04709,0.84774,0.66007,1.0
0.046976,0.046975,0.92281,0.66158,1.0
0.046716,0.046716,0.98054,0.66827,1.0
0.046314,0.046313,1.0,0.68443,1.0
0.04577,0.04577,1.0,0.72537,1.0
0.04503,0.045029,1.0,0.79926,1.0
0.044013,0.044012,1.0,0.891,1.0
0.04265,0.04265,1.0,0.93876,1.0
0.040886,0.040886,1.0,0.88985,1.0
0.038703,0.038704,1.0,0.80247,1.0
0.036158,0.036158,1.0,0.74433,1.0
0.033425,0.033426,1.0,0.71113,1.0
0.030855,0.030856,1.0,0.69161,1.0
0.028977,0.028978,1.0,0.68063,1.0
0.028287,0.028288,1.0,0.67691,1.0
4.9289e-05,4.9289e-05,0.0,0.5,1.0
0.00084751,0.00084751,0.0020793,0.97726,1.0
0.0069114,0.0069114,0.011222,0.97674,1.0
0.022176,0.022176,0.03393,0.97803,1.0
0.039114,0.039114,0.070433,0.97458,1.0
0.047051,0.047051,0.11426,0.96362,1.0
0.04805,0.04805,0.16037,0.95955,0.99997
0.04805,0.04805,0.20758,0.97146,0.99984
0.04805,0.04805,0.25572,0.97851,0.99985
0.04805,0.04805,0.30491,0.9735,0.99998
0.04805,0.04805,0.35542,0.96156,1.0
0.04805,0.04805,0.40752,0.90887,1.0
0.04805,0.04805,0.4615,0.88009,1.0
0.04799,0.04799,0.51766,0.83685,1.0
0.04769,0.04769,0.57626,0.68945,1.0
0.047234,0.047234,0.63753,0.59646,1.0
0.046845,0.046844,0.7016,0.60036,1.0
0.046517,0.046517,0.76857,0.61653,1.0
0.04621,0.04621,0.83843,0.63541,1.0
0.04588,0.045879,0.91108,0.66029,1.0
0.04548,0.045479,0.97405,0.6962,1.0
0.044967,0.044967,1.0,0.75186,1.0
0.044292,0.044292,1.0,0.83146,1.0
0.043397,0.043397,1.0,0.90451,1.0
0.042214,0.042214,1.0,0.92381,1.0
0.040671,0.040671,1.0,0.87609,1.0
0.038703,0.038704,1.0,0.80247,1.0
0.036273,0.036273,1.0,0.74693,1.0
0.03341,0.03341,1.0,0.71259,1.0
0.03028,0.030281,1.0,0.6913,1.0
0.027268,0.027269,1.0,0.67834,1.0
0.025014,0.025015,1.0,0.67085,1.0
0.024173,0.024173,1.0,0.66818,1.0
5.0293e-05,5.0293e-05,0.0,0.5,1.0
0.00086444,0.00086444,0.0021091,0.987,1.0
0.0070245,0.0070245,0.01138,0.98641,1.0
0.022416,0.022416,0.034367,0.98781,1.0
0.039344,0.039344,0.0712,0.98548,1.0
0.047138,0.047138,0.11528,0.97687,1.0
0.04805,0.04805,0.1616,0.97399,0.99997
0.04805,0.04805,0.20897,0.9828,0.99984
0.04805,0.04805,0.25722,0.97904,0.99985
0.04805,0.04805,0.30646,0.95322,0.99998
0.04805,0.04805,0.35689,0.95191,1.0
0.04805,0.04805,0.40872,0.95646,1.0
0.04805,0.04805,0.46219,0.86527,1.0
0.04805,0.04805,0.51755,0.85984,1.0
0.04791,0.04791,0.57505,0.77064,1.0
0.047434,0.047434,0.63492,0.59204,1.0
0.04682,0.046819,0.69729,0.58439,1.0
0.046259,0.046259,0.76228,0.59886,1.0
0.045685,0.045685,0.8299,0.61925,1.0
0.045081,0.04508,0.90009,0.65086,1.0
0.044417,0.044416,0.96791,0.70532,1.0
0.043652,0.043652,1.0,0.80044,1.0
0.042735,0.042735,1.0,0.91092,1.0
0.041603,0.041603,1.0,0.9368,1.0
0.040182,0.040183,1.0,0.8694,1.0
0.038394,0.038395,1.0,0.79502,1.0
0.036158,0.036158,1.0,0.74433,1.0
0.03341,0.03341,1.0,0.71259,1.0
0.030153,0.030153,1.0,0.6926,0.99998
0.026539,0.02654,1.0,0.68046,0.99998
0.022991,0.022992,1.0,0.67393,0.99998
0.020275,0.020276,1.0,0.67072,0.99998
0.019244,0.019244,1.0,0.66963,0.99998
5.113e-05,5.113e-05,0.0,0.5,1.0
0.00087855,0.00087855,0.0021342,0.9934,1.0
0.007118,0.007118,0.011513,0.9927,1.0
0.022612,0.022612,0.034733,0.99411,1.0
0.039529,0.039529,0.071842,0.99265,1.0
0.047206,0.047206,0.11614,0.98606,1.0
0.04805,0.04805,0.16262,0.98433,0.99996
0.04805,0.04805,0.21015,0.98963,0.99984
0.04805,0.04805,0.25852,0.97736,0.99985
0.04805,0.04805,0.30782,0.93763,0.99998
0.04805,0.04805,0.35822,0.91114,1.0
0.04805,0.04805,0.40988,0.92638,1.0
0.04805,0.04805,0.46296,0.89913,1.0
0.04805,0.04805,0.51768,0.86601,1.0
0.04803,0.04803,0.57427,0.80268,1.0
0.047667,0.047666,0.63293,0.65399,1.0
0.046951,0.04695,0.69382,0.57893,1.0
0.046201,0.0462,0.75704,0.5865,1.0
0.045408,0.045408,0.8226,0.6073,1.0
0.04454,0.044539,0.89047,0.64059,1.0
0.043583,0.043582,0.95993,0.70283,1.0
0.042512,0.042512,0.99744,0.82644,1.0
0.041284,0.041284,1.0,0.94182,1.0
0.039843,0.039843,1.0,0.9121,1.0
0.038113,0.038113,1.0,0.80847,1.0
0.036007,0.036007,1.0,0.74563,1.0
0.033425,0.033426,1.0,0.71113,1.0
0.03028,0.030281,1.0,0.6913,1.0
0.026539,0.02654,1.0,0.68046,0.99998
0.022335,0.022336,1.0,0.67635,0.99993
0.018134,0.018134,1.0,0.67765,0.99989
0.014849,0.01485,1.0,0.68143,0.99989
0.01358,0.013581,1.0,0.68336,0.99989
5.1773e-05,5.1773e-05,0.0,0.5,1.0
0.00088939,0.00088939,0.0021536,0.9963,1.0
0.0071895,0.0071895,0.011615,0.99555,1.0
0.022761,0.022761,0.035015,0.99695,1.0
0.039666,0.039666,0.072335,0.996,1.0
0.047256,0.047256,0.1168,0.9907,1.0
0.04805,0.04805,0.16342,0.98977,0.99996
0.04805,0.04805,0.21106,0.99231,0.99983
0.04805,0.04805,0.25953,0.97448,0.99985
0.04805,0.04805,0.3089,0.92814,0.99998
0.04805,0.04805,0.3593,0.88248,1.0
0.04805,0.04805,0.41086,0.89068,1.0
0.04805,0.04805,0.46369,0.93574,1.0
0.04805,0.04805,0.51795,0.86937,1.0
0.04805,0.04805,0.57384,0.83293,1.0
0.047829,0.047829,0.63156,0.73293,1.0
0.047146,0.047145,0.69127,0.57579,1.0
0.046246,0.046245,0.75305,0.57684,1.0
0.045302,0.045302,0.81692,0.59804,1.0
0.044225,0.044225,0.88283,0.63196,1.0
0.043012,0.043012,0.95065,0.6979,1.0
0.04165,0.04165,0.99251,0.83814,1.0
0.040111,0.040111,1.0,0.94036,1.0
0.038344,0.038344,1.0,0.87633,1.0
0.036278,0.036279,1.0,0.7706,1.0
0.03382,0.033821,1.0,0.71807,1.0
0.030855,0.030856,1.0,0.69161,1.0
0.027268,0.027269,1.0,0.67834,1.0
0.022991,0.022992,1.0,0.67393,0.99998
0.018134,0.018134,1.0,0.67765,0.99989
0.013201,0.013201,1.0,0.69032,0.99966
0.0092711,0.0092715,1.0,0.71246,0.99952
0.0077308,0.0077311,1.0,0.72587,0.99951
5.2189e-05,5.2189e-05,0.0,0.5,1.0
0.00089637,0.00089637,0.002166,0.9976,1.0
0.0072354,0.0072354,0.011681,0.99687,1.0
0.022856,0.022856,0.035196,0.99828,1.0
0.039753,0.039753,0.07265,0.99722,1.0
0.047287,0.047287,0.11722,0.99172,1.0
0.04805,0.04805,0.16393,0.9908,0.99996
0.04805,0.04805,0.21164,0.99325,0.99983
0.04805,0.04805,0.26018,0.97538,0.99985
0.04805,0.04805,0.3096,0.92921,0.99998
0.04805,0.04805,0.36001,0.88088,1.0
0.04805,0.04805,0.41152,0.88238,1.0
0.04805,0.04805,0.46421,0.93374,1.0
0.04805,0.04805,0.51819,0.85976,1.0
0.04805,0.04805,0.57362,0.84573,1.0
0.047932,0.047931,0.63073,0.7589,1.0
0.047291,0.04729,0.68966,0.57398,1.0
0.046298,0.046298,0.75048,0.57437,1.0
0.04527,0.045269,0.8132,0.59531,1.0
0.044064,0.044064,0.87777,0.62924,1.0
0.042683,0.042682,0.94405,0.6975,1.0
0.041119,0.041118,0.98879,0.84662,1.0
0.039351,0.039351,1.0,0.93547,1.0
0.037336,0.037336,1.0,0.85167,1.0
0.035005,0.035006,1.0,0.74986,1.0
0.032261,0.032262,1.0,0.70311,1.0
0.028977,0.028978,1.0,0.68063,1.0
0.025014,0.025015,1.0,0.67085,1.0
0.020275,0.020276,1.0,0.67072,0.99998
0.014849,0.01485,1.0,0.68143,0.99989
0.0092711,0.0092715,1.0,0.71246,0.99952
0.0044918,0.004492,1.0,0.78499,0.99881
0.0024342,0.0024343,1.0,0.83486,0.99839
5.2334e-05,5.2334e-05,0.0,0.5,1.0
0.00089882,0.00089882,0.0021703,0.99803,1.0
0.0072514,0.0072514,0.011703,0.99729,1.0
0.022889,0.022889,0.035258,0.99872,1.0
0.039783,0.039783,0.072759,0.99768,1.0
0.047297,0.047297,0.11737,0.99219,1.0
0.04805,0.04805,0.1641,0.99136,0.99996
0.04805,0.04805,0.21184,0.9938,0.99983
0.04805,0.04805,0.2604,0.97559,0.99985
0.04805,0.04805,0.30984,0.92905,0.99998
0.04805,0.04805,0.36026,0.8805,1.0
0.04805,0.04805,0.41175,0.88163,1.0
0.04805,0.04805,0.46439,0.9319,1.0
0.04805,0.04805,0.51827,0.85292,1.0
0.04805,0.04805,0.57355,0.85016,1.0
0.047963,0.047963,0.63044,0.76854,1.0
0.047334,0.047334,0.68909,0.57329,1.0
0.046312,0.046311,0.74957,0.57357,1.0
0.045256,0.045255,0.81188,0.59433,1.0
0.044009,0.044008,0.87596,0.62807,1.0
0.042571,0.042571,0.94167,0.69681,1.0
0.040937,0.040937,0.98746,0.84848,1.0
0.039088,0.039088,1.0,0.93335,1.0
0.036983,0.036983,1.0,0.84392,1.0
0.034552,0.034553,1.0,0.74345,1.0
0.031698,0.031699,1.0,0.69829,1.0
0.028287,0.028288,1.0,0.67691,1.0
0.024173,0.024173,1.0,0.66818,1.0
0.019244,0.019244,1.0,0.66963,0.99998
0.01358,0.013581,1.0,0.68336,0.99989
0.0077308,0.0077311,1.0,0.72587,0.99951
0.0024342,0.0024343,1.0,0.83486,0.99839
1.9699e-11,2.1237e-11,1.0,0.91173,0.99757
